lote,hidrometro,leitura_inicial,leitura_final,consumo_pdf_calc,status_render
03,H0003,104.000,104.000,0.0,OK
04,H0004,327.000,339.000,12.0,OK
07,H0007,1349.000,1362.000,13.0,OK
08,H0008,466.000,474.000,8.0,OK
09,H0009,822.000,830.000,8.0,OK
10,H0010,1124.000,1141.000,17.0,OK
11,H0011,1067.000,1075.000,8.0,OK
12,H0012,108.000,111.000,3.0,OK
13,H0013,1256.000,1266.000,10.0,OK
14,H0014,1808.000,1828.000,20.0,OK
17,H0017,420.000,428.000,8.0,OK
18,H0018,893.000,906.000,13.0,OK
19,H0019,2438.000,2456.000,18.0,OK
20,H0020,1162.000,1174.000,12.0,OK
21,H0021,102.000,97.000,-5.0,OK
22,H0022,94.000,94.000,0.0,OK
23,H0023,486.000,502.000,16.0,OK
24,H0024,325.000,384.000,59.0,OK
25,H0025,1077.000,1090.000,13.0,OK
26,H0026,324.000,329.000,5.0,OK
27,H0027,109.000,118.000,9.0,OK
29,H0029,361.000,380.000,19.0,OK
30,H0030,725.000,746.000,21.0,OK
32,H0032,21.000,21.000,0.0,OK
33,H0033,966.000,989.000,23.0,OK
34,H0034,24.000,24.000,0.0,OK
36,H0036,119.000,120.000,1.0,OK
37,H0037,86.000,87.000,1.0,OK
38,H0038,1533.000,1537.000,4.0,OK
39,H0039,985.000,988.000,3.0,OK
40,H0040,9852.000,9846.000,-6.0,OK
41,H0041,1015.000,1027.000,12.0,OK
43,H0043,1149.000,1155.000,6.0,OK
45,H0045,140.000,156.000,16.0,OK
46,H0046,1006.000,1015.000,9.0,OK
47,H0047,106.000,144.000,38.0,OK
54,H0054,1078.000,1092.000,14.0,OK
55,H0055,9988.000,9988.000,0.0,OK
56,H0056,95.000,95.000,0.0,OK
59,H0059,409.000,426.000,17.0,OK
60,H0060,1651.000,1667.000,16.0,OK
61,H0061,9610.000,9607.000,-3.0,OK
62,H0062,1055.000,1079.000,24.0,OK
63,H0063,1635.000,1661.000,26.0,OK
65,H0065,1188.000,1214.000,26.0,OK
66,H0066,5.000,5.000,0.0,OK
67,H0067,390.000,396.000,6.0,OK
68,H0068,542.000,554.000,12.0,OK
70,H0070,9843.000,9810.000,-33.0,OK
72,H0072,237.000,243.000,6.0,OK
73,H0073,606.000,624.000,18.0,OK
74,H0074,769.000,780.000,11.0,OK
75,H0075,415.000,425.000,10.0,OK
76,H0076,446.000,461.000,15.0,OK
77,H0077,980.000,1004.000,24.0,OK
78,H0078,649.000,671.000,22.0,OK
80,H0080,18.000,46.000,28.0,OK
83,H0083,599.000,608.000,9.0,OK
84,H0084,184.000,192.000,8.0,OK
85,H0085,149.000,171.000,22.0,OK
86,H0086,139.000,142.000,3.0,OK
87,H0087,115.000,127.000,12.0,OK
88,H0088,74.000,74.000,0.0,OK
89,H0089,1138.000,1149.000,11.0,OK
90,H0090,1615.000,1630.000,15.0,OK
91,H0091,234.000,236.000,2.0,OK
92,H0092,213.000,217.000,4.0,OK
95,H0095,766.000,775.000,9.0,OK
96,H0096,1778.000,1791.000,13.0,OK
97,H0097,762.000,765.000,3.0,OK
101,H0101,144.000,144.000,0.0,OK
102,H0102,377.000,401.000,24.0,OK
103,H0103,1322.000,1333.000,11.0,OK
104,H0104,46.000,47.000,1.0,OK
108,H0108,685.000,692.000,7.0,OK
111,H0111,764.000,777.000,13.0,OK
112,H0112,273.000,280.000,7.0,OK
113,H0113,0.000,3.000,3.0,OK
115,H0115,635.000,644.000,9.0,OK
117,H0117,60.000,73.000,13.0,OK
118,H0118,2307.000,2316.000,9.0,OK
122,H0122,34.000,35.000,1.0,OK
123,H0123,190.000,190.000,0.0,OK
125,H0125,1811.000,1814.000,3.0,OK
126,H0126,553.000,553.000,0.0,OK
128,H0128,348.000,355.000,7.0,OK
130,H0130,495.000,497.000,2.0,OK
132,H0132,2868.000,2886.000,18.0,OK
134,H0134,252.000,260.000,8.0,OK
139,H0139,312.000,320.000,8.0,OK
141,H0141,148.000,149.000,1.0,OK
142,H0142,495.000,508.000,13.0,OK
143,H0143,151.000,163.000,12.0,OK
144,H0144,359.000,363.000,4.0,OK
147,H0147,1610.000,1623.000,13.0,OK
148,H0148,347.000,365.000,18.0,OK
151,H0151,285.000,291.000,6.0,OK
152,H0152,251.000,263.000,12.0,OK
156,H0156,1134.000,1159.000,25.0,OK
160,H0160,31.000,41.000,10.0,OK
162,H0162,112.000,112.000,0.0,OK
164,H0164,270.000,282.000,12.0,OK
165,H0165,301.000,304.000,3.0,OK
167,H0167,15.000,15.000,0.0,OK
168,H0168,9886.000,9882.000,-4.0,OK
169,H0169,701.000,711.000,10.0,OK
170,H0170,1065.000,1076.000,11.0,OK
171,H0171,69.000,69.000,0.0,OK
178,H0178,217.000,224.000,7.0,OK
180,H0180,1155.000,1172.000,17.0,OK
183,H0183,2069.000,2080.000,11.0,OK
184,H0184,1330.000,1341.000,11.0,OK
186,H0186,1329.000,1342.000,13.0,OK
188,H0188,895.000,912.000,17.0,OK
189,H0189,1198.000,1221.000,23.0,OK
190,H0190,16.000,16.000,0.0,OK
191,H0191,1392.000,1410.000,18.0,OK
192,H0192,2078.000,2101.000,23.0,OK
193,H0193,454.000,470.000,16.0,OK
194,H0194,497.000,508.000,11.0,OK
206,H0206,6.000,2.000,-4.0,OK
216,H0216,738.000,741.000,3.0,OK
224,H0224,29.000,39.000,10.0,OK
231,H0231,12.000,12.000,0.0,OK
237,H0237,195.000,220.000,25.0,OK
240,H0240,535.000,551.000,16.0,OK
241,H0241,1172.000,1204.000,32.0,OK
242,H0242,282.000,294.000,12.0,OK
243,H0243,1112.000,1125.000,13.0,OK
244,H0244,613.000,631.000,18.0,OK
245,H0245,637.000,656.000,19.0,OK
246,H0246,829.000,843.000,14.0,OK
247,H0247,525.000,536.000,11.0,OK
248,H0248,223.000,244.000,21.0,OK
249,H0249,561.000,585.000,24.0,OK
252,H0252,2093.000,2118.000,25.0,OK
253,H0253,24.000,31.000,7.0,OK
254,H0254,340.000,356.000,16.0,OK
256,H0256,862.000,877.000,15.0,OK
258,H0258,980.000,990.000,10.0,OK
260,H0260,157.000,157.000,0.0,OK
261,H0261,96.000,124.000,28.0,OK
262,H0262,1029.000,1040.000,11.0,OK
263,H0263,508.000,513.000,5.0,OK
264,H0264,1126.000,1138.000,12.0,OK
265,H0265,1691.000,1700.000,9.0,OK
267,H0267,110.000,119.000,9.0,OK
268,H0268,48.000,48.000,0.0,OK
269,H0269,373.000,392.000,19.0,OK
270,H0270,937.000,954.000,17.0,OK
271,H0271,28.000,28.000,0.0,OK
278,H0278,38.000,38.000,0.0,OK
281,H0281,159.000,172.000,13.0,OK
287,H0287,2453.000,2479.000,26.0,OK
291,H0291,52.000,53.000,1.0,OK
296,H0296,267.000,276.000,9.0,OK
297,H0297,1080.000,1094.000,14.0,OK
308,H0308,220.000,242.000,22.0,OK
309,H0309,546.000,559.000,13.0,OK
